review_id,llm_sentiment,llm_confidence,satisfaction,strengths,improvement_areas,topics,explanation,recommendation,status,error,processed_at
1,Positive,0.95,0.95,"[""high quality of work delivered"", ""excellent communication"", ""meeting deadlines"", ""professional handling of complex requirements"", ""instrumental development of travel platform"", ""effective solution provision"", ""quick issue resolution"", ""suggestion of improvements"", ""high skill level"", ""reliability"", ""overall pleasure to work with""]",[],"[""Communication"", ""Technical Quality"", ""Delivery"", ""Requirements"", ""Reliability"", ""Professionalism"", ""Problem Solving""]","The review contains only positive remarks describing consistent high performance, reliable delivery, and active problem solving, with no mention of any issues or areas for improvement.","Maintain the established high standards and continue collaborating on future projects, possibly exploring additional features to further enhance the travel platform.",success,,2026-09-22T17:51:43.638647
2,Positive,0.95,0.95,"[""Great to work with"", ""Broke down the job into multiple milestones"", ""Clear understanding of each element"", ""Ensured work was done perfectly"", ""Likely to use services again""]",[],"[""Communication"", ""Delivery"", ""Requirements"", ""Professionalism""]","The review praises the vendor’s communication, structured milestones, and high-quality output, indicating a positive experience with no mention of issues. Confidence and satisfaction are high due to explicit positive language and future intent.",Continue using a milestone-based approach and maintain open communication to keep client satisfaction high.,success,,2026-09-22T17:51:59.389964
3,Positive,0.95,0.95,"[""competent work"", ""polite and understanding demeanor"", ""efficient execution"", ""exceeded expectations""]",[],"[""Communication"", ""Technical Quality"", ""Delivery"", ""Professionalism""]","The client explicitly praises the seller’s competence, politeness, efficiency, and ability to exceed expectations, indicating clear satisfaction. No issues or negative feedback are mentioned, so the sentiment is strongly positive with high confidence. No improvement areas are identified.","Continue offering clear, efficient services while maintaining the same level of professionalism and polite communication. Consistently delivering beyond expectations will reinforce client trust and encourage repeat business.",success,,2026-09-22T17:52:13.422814
4,Positive,0.9,0.85,"[""polite communication"", ""friendly tone""]",[],"[""Communication""]","The review expresses positive sentiments about the seller’s politeness and friendliness, indicating high satisfaction with the communication aspect.",Continue emphasizing polite and friendly communication to sustain customer satisfaction.,success,,2026-09-22T17:52:22.261833
5,Neutral,0.3,0.5,"[""Positive working process""]",[],"[""Communication"", ""Professionalism""]","The review is very brief and contains no explicit positive or negative language. The phrase ""way to work with"" suggests the client found the collaboration method satisfactory, but the lack of detail makes it impossible to confidently determine sentiment or specific satisfaction metrics. The only indicated aspect is a presumably smooth working process, which hints at good communication and professionalism.","Encourage the seller to provide clearer, more detailed feedback in future reviews to improve transparency and enable more precise analysis.",success,,2026-09-22T17:52:35.852424
6,Positive,0.95,0.95,"[""Excellent job quality"", ""Quick response"", ""Overall good service""]",[],"[""Communication"", ""Technical Quality""]","The client expresses clear appreciation with phrases like ""excellent job done"" and thanks for the quick response, indicating a positive experience with both product quality and prompt communication. No criticisms or concerns are mentioned.","Continue to prioritize rapid, clear communication while maintaining high technical standards to sustain user satisfaction.",success,,2026-09-22T17:52:51.367838
7,Positive,0.95,0.9,"[""Professionalism""]",[],"[""Professionalism""]","The review is brief and only states ""very professional, i would work with him again,"" which indicates a positive sentiment focused on professional conduct and an intention to re-engage.",Maintain the high professional standards highlighted in the review and continue to showcase this quality in future interactions and gig descriptions.,success,,2026-09-22T17:53:02.830400
8,Positive,0.94,0.92,"[""High level of experience"", ""Helpful communication"", ""Long working hours to meet deadlines""]",[],"[""Communication"", ""Reliability"", ""Professionalism""]","The review is wholly positive, praising the team's experience, helpfulness, and dedicated effort to meet deadlines. No criticisms or concerns are mentioned, indicating a high level of client satisfaction.","Continue prioritizing helpful communication and on-time delivery, while ensuring a sustainable work schedule to maintain the team's quality and well-being.",success,,2026-09-22T17:53:12.676539
9,Positive,0.9,0.95,"[""Pleasure working with the seller"", ""High recommendation""]",[],"[""Communication""]","The client expresses clear positive feelings, stating it was a pleasure to work together and recommending the seller, with no mention of problems or shortcomings.",Maintain strong communication and consistently deliver quality work to keep up the positive experience.,success,,2026-09-22T17:53:22.756664
10,Positive,0.95,0.95,"[""Great communication"", ""Professional and pleasant experience""]",[],"[""Communication"", ""Professionalism""]","The review is concise yet unequivocally positive, praising the client’s experience and recommending the seller. No drawbacks or issues are mentioned.",Maintain the strong communication and professionalism that earned the praise; consider soliciting additional detailed feedback to showcase specific strengths to future clients.,success,,2026-09-22T17:53:32.604937
11,Positive,0.95,0.9,"[""Excellent service provided"", ""Client plans to continue working""]",[],"[""Professionalism""]","The review is a brief, unequivocally positive statement expressing satisfaction and intent to keep working with the seller. It contains no criticisms or suggestions for improvement.",Maintain the high level of service and continue fostering the positive client relationship.,success,,2026-09-22T17:53:42.014455
12,Positive,0.95,0.9,"[""excellent job"", ""goes above and beyond""]",[],"[""Professionalism""]","The review is a straightforward expression of satisfaction, highlighting the seller’s excellent work and willingness to exceed expectations. No criticisms or areas for improvement are mentioned. The statement falls squarely under the professional conduct of the seller.",Maintain the high level of dedication and consistently exceed client expectations to further strengthen reputation and encourage referrals.,success,,2026-09-22T17:53:56.665124
13,Positive,0.95,0.9,"[""Deep understanding of project needs"", ""Consistently exceeded expectations"", ""Smooth collaboration and easy communication"", ""Overall stellar experience""]",[],"[""Communication"", ""Technical Quality"", ""Delivery"", ""Professionalism""]","The client praises the vendor’s understanding, performance, and collaboration, indicating high satisfaction. No issues or concerns are mentioned, so no improvement areas are extracted.",Continue fostering clear communication and maintaining high quality to turn satisfied customers into repeat clients and advocates.,success,,2026-09-22T17:54:05.458818
14,Positive,0.95,0.95,"[""exceeded expectations"", ""top-notch functionality"", ""attention to detail"", ""bug-free software"", ""deep understanding of logistics"", ""language fluency"", ""timely delivery"", ""pleasant collaboration""]",[],"[""Technical Quality"", ""Delivery"", ""Requirements"", ""Professionalism"", ""Communication""]","The review praises performance across all major criteria: quality, delivery speed, and client interaction, with no mention of issues.","Continue emphasizing clear communication, thorough testing for bug-free releases, and maintaining timely delivery to sustain high client satisfaction.",success,,2026-09-22T17:54:14.924929
15,,,,,,,,,skipped,Empty review text,2026-09-22T17:54:15.428994
16,Positive,0.92,0.89,"[""Continual contact with the client"", ""Regular updates that keep the client informed"", ""Refinement of each step toward the client’s goals""]",[],"[""Communication""]",The review expresses clear satisfaction with the frequent communication and the client’s feeling that every step is carefully tailored to their goals. No shortcomings or areas for improvement are mentioned.,Maintain the current approach of regular updates and proactive communication; consider soliciting brief checkpoints to ensure the goals remain aligned as the project progresses.,success,,2026-09-22T17:54:23.675325
17,Positive,0.95,0.95,"[""Very knowledgeable"", ""Helpful"", ""Meets deadlines""]",[],"[""Technical Quality"", ""Reliability"", ""Delivery"", ""Professionalism""]","The review praises Nazim’s expertise, helpfulness, and punctuality, indicating a strong positive experience and high satisfaction. No issues or suggested improvements are mentioned.","Continue delivering high-quality, timely work and maintain clear communication to sustain the positive client experience.",success,,2026-09-22T17:54:34.238173
18,Positive,0.95,0.95,"[""Great collaboration"", ""Positive working relationship""]",[],"[""Communication"", ""Professionalism""]","The review contains a concise, enthusiastic statement that expresses satisfaction with the client's experience, indicating strong communication and professionalism on the freelancer’s part.",Continue to prioritize clear communication and professional conduct to maintain the high level of client satisfaction.,success,,2026-09-22T17:54:43.996324
19,Positive,0.95,0.92,"[""excellent job""]",[],"[""Technical Quality""]","The review contains only positive feedback with no mention of any issues or concerns. The phrase ""excellent job!"" indicates high approval of the work performed, suggesting strong technical quality. No areas for improvement are inferred from the text.",Maintain the high standard of technical execution demonstrated in this project. Continue focusing on quality to keep clients satisfied and recommended.,success,,2026-09-22T17:54:53.094927
20,Positive,0.95,0.9,"[""Consistently high-quality work"", ""Reliability in delivering great results""]",[],"[""Technical Quality"", ""Reliability""]","The client explicitly states ""great work, as always,"" indicating high satisfaction with the outcome and consistency. No issues, concerns or suggestions are mentioned, so the sentiment is purely positive. The praise focuses on the quality and reliability of the delivery.",Maintain current high standards and consider asking for a short testimonial that could be used in future listings.,success,,2026-09-22T17:54:59.517152
21,Positive,0.95,0.9,"[""Consistent high quality work"", ""Reliable availability and support"", ""Trusted partner for multiple projects""]",[],"[""Communication"", ""Technical Quality"", ""Reliability"", ""Professionalism""]","Client shows high satisfaction, praising consistent quality, readiness to help whenever needed, and long-term partnership.","Maintain strong communication, reliable availability, and uphold the high technical quality that has earned the client's trust.",success,,2026-09-22T17:55:13.004657
22,Positive,0.95,0.92,"[""Great work"", ""Consistent quality""]",[],"[""Professionalism"", ""Technical Quality""]","Client explicitly praises the work and recommends the service, indicating a very positive experience.",Maintain the current high standards and keep delivering consistently excellent results.,success,,2026-09-22T17:55:22.395148
23,Positive,0.95,0.95,"[""Great work"", ""Highly recommend""]",[],"[""Technical Quality""]","Client praises consistent high-quality work and fully recommends the service, indicating a clear positive sentiment.",Maintain the high standards of technical quality and continue reliable delivery to sustain client satisfaction.,success,,2026-09-22T17:55:33.495337
24,Positive,0.95,0.95,"[""speed"", ""reliability"", ""high quality"", ""comprehensive website support""]",[],"[""Technical Quality"", ""Delivery"", ""Reliability""]","The review expresses enthusiastic endorsement of fast, reliable, and consistently high-quality website work, with no negative or constructive commentary.",Continue maintaining these high standards and consider adding additional services to reinforce the company’s status as a go‑to provider.,success,,2026-09-22T17:55:44.541928
25,Positive,0.95,0.9,"[""Great work"", ""Consistent reliability"", ""Overall satisfaction with website services""]",[],"[""Professionalism"", ""Reliability""]","The client expresses clear satisfaction with the service, praising the ""great work"" and highlighting the reliability of the provider by stating they ""never let me down."" No concerns or negative comments are present, indicating a purely positive review.","Continue delivering consistent, high‑quality service and consider highlighting this reliability in marketing materials to attract similar long‑term clients.",success,,2026-09-22T17:55:56.075710
26,Positive,0.95,0.9,"[""Consistent high quality work"", ""Appreciated continued effort""]",[],"[""Professionalism""]","The review is a short, appreciative note that praises ongoing, high-quality work, indicating overall satisfaction with no concerns mentioned.",Continue maintaining the high standard and timely delivery demonstrated so far.,success,,2026-09-22T17:56:05.673625
27,Positive,0.95,0.92,"[""Professionalism"", ""Expert coding skills"", ""Proactive communication"", ""Quick responsiveness"", ""Seamless process"", ""Going above and beyond expectations""]",[],"[""Communication"", ""Technical Quality"", ""Professionalism""]","The review is overtly complimentary, highlighting multiple positive attributes such as professionalism, coding expertise, proactive communication, and responsiveness. No negative points or areas for improvement are mentioned, indicating a highly satisfied client.","Continue focusing on proactive communication and delivering high‑quality code as a key selling point, and emphasize these strengths in your profile and marketing materials.",success,,2026-09-22T17:56:14.164531
28,Positive,0.95,0.95,"[""great work"", ""trusted as go‑to company""]",[],"[""Reliability"", ""Professionalism""]","The review is a short, unequivocally positive statement praising the company's reliability and high quality. No issues or criticisms are mentioned, indicating a very high level of satisfaction.",Maintain the high standard of quality and reliability to keep the client’s trust.,success,,2026-09-22T17:56:21.238520
29,Positive,0.95,0.9,"[""Professionalism"", ""Expertise"", ""Responsiveness"", ""Commitment to excellence"", ""Outstanding work""]",[],"[""Communication"", ""Technical Quality"", ""Professionalism""]","The review expresses strong praise for the freelancer’s professionalism, expert skill, quick responsiveness, and high quality work, indicating a highly positive experience with no mention of issues.",Maintain the same level of prompt communication and expert delivery to preserve the positive reputation; consider highlighting these strengths in portfolio descriptions and client outreach.,success,,2026-09-22T17:56:30.300241
30,Positive,1.0,0.9,"[""Great work""]",[],"[""Technical Quality"", ""Professionalism""]","The client expresses clear appreciation for the quality and effectiveness of the delivered work, indicating a positive overall experience.",Maintain the same level of quality and professionalism; consider asking for a brief testimonial or more detailed feedback to gather richer insights for future clients.,success,,2026-09-22T17:56:37.222781
31,Positive,0.95,0.96,"[""Excellent quality of work""]",[],"[""Technical Quality""]","The client expresses appreciation for continuous excellent work, indicating high satisfaction and a positive experience.",Continue maintaining the high-quality output and consistent delivery standards.,success,,2026-09-22T17:56:42.679087
32,Positive,0.99,1.0,"[""Excellent quality of work"", ""Consistent delivery leading to repeat orders""]",[],"[""Technical Quality"", ""Reliability""]","The review expresses appreciation with phrases like ""great work again"" and ""thank you,"" indicating both high quality and successful repeat engagement. No issues or concerns are mentioned.",Continue delivering high‑quality work and maintain the consistency that encourages repeat business; consider showcasing past client satisfaction to attract similar orders.,success,,2026-09-22T17:56:56.196237
33,Positive,0.95,0.95,"[""Amazing work quality"", ""Long-term client trust (used for many jobs since last year)"", ""High recommendation""]",[],"[""Technical Quality"", ""Professionalism""]","The review contains unequivocal praise with phrases like ""amazing work"" and ""highly recommend"", indicating a strongly positive sentiment and high satisfaction. No concerns or negative feedback are mentioned, so there are no improvement areas. The praise focuses on the quality of the output and the professional relationship built over time, which maps to Technical Quality and Professionalism.",Continue delivering consistent high-quality work and foster ongoing communication to maintain and grow this long-term client relationship.,success,,2026-09-22T17:57:02.605183
34,Positive,0.95,0.9,"[""amazing work""]",[],"[""Technical Quality""]","The review enthusiastically praises the work as amazing, indicating a highly positive sentiment and high satisfaction.",Maintain the current high-quality delivery to continue satisfying clients.,success,,2026-09-22T17:57:09.267600
35,Positive,0.95,0.9,"[""Exceeded expectations"", ""Attention to detail"", ""Code expertise"", ""Fast delivery"", ""Quick responsiveness"", ""Smooth process"", ""Highly recommended""]",[],"[""Communication"", ""Technical Quality"", ""Delivery""]","The client praises the seller’s technical skill, rapid turnaround, and responsive communication, indicating a fully positive experience. No issues or suggestions for improvement are raised.",Highlight these strengths in your profile and future proposals; maintaining rapid delivery and responsive communication will reinforce client trust and likely attract more referrals.,success,,2026-09-22T17:57:17.365687
36,Positive,0.95,0.9,"[""Professionalism"", ""Exceptional code expertise"", ""Exceeding expectations"", ""Politeness"", ""Timely delivery"", ""Going above and beyond""]",[],"[""Communication"", ""Technical Quality"", ""Delivery"", ""Professionalism""]","The review is overwhelmingly positive with specific praise for professionalism, technical skill, timely delivery, and exceptional service. There are no explicit or implied problems to address.",Maintain the same high level of professionalism and timely communication; continue using Nazim for future projects as demonstrated satisfaction and trust.,success,,2026-09-22T17:57:26.381757
37,Positive,0.95,0.95,"[""Excellent technical resolution of website issues"", ""Overall work quality was appreciated""]",[],"[""Technical Quality""]","The client explicitly praises the repair of their website, indicating a positive experience and high satisfaction. No shortcomings or concerns are mentioned.",Continue delivering reliable technical fixes and consider asking for detailed feedback to showcase specific achievements and build further trust with future clients.,success,,2026-09-22T17:57:35.650049
38,Positive,0.95,0.9,"[""Collaborative and enjoyable partnership"", ""Proficiency in web development"", ""Effective troubleshooting skills""]",[],"[""Communication"", ""Technical Quality""]","The review expresses a clear sense of pleasure in working together, highlighting the developer’s competence in web development and troubleshooting. No criticisms or inquiries about delivery, revisions, or pricing are mentioned.","Continue prioritizing open, friendly communication and maintain technical excellence. Consider showcasing specific troubleshooting successes in future portfolio pieces to reinforce credibility.",success,,2026-09-22T17:57:44.001382
39,Positive,0.95,0.95,"[""Very good experience"", ""Highly recommended""]",[],[],"The client expresses a clear positive experience and recommends the service, indicating overall satisfaction. No specific issues or concerns are mentioned.",Maintain the high quality of service that led to this positive review; continue providing outstanding communication and delivery.,success,,2026-09-22T17:57:50.757299
40,Positive,0.95,0.9,"[""overall quality of work""]",[],"[""Technical Quality""]","The client explicitly says ""great work,"" indicating a positive opinion with no mention of problems.",Maintain the current high standard and encourage the client to leave more detailed feedback in future to identify extra strengths or areas for deeper improvement.,success,,2026-09-22T17:57:57.294123
41,Positive,0.95,0.95,"[""Good technical understanding"", ""Persistence until client satisfaction"", ""Positive personality""]",[],"[""Professionalism"", ""Technical Quality""]","The review expresses praise for the seller’s technical expertise and continued effort to meet the client’s needs, indicating a very positive experience with no criticisms mentioned.",Maintain the high level of technical competence and client-focused persistence to continue delivering satisfying results.,success,,2026-09-22T17:58:09.983621
42,Positive,0.95,0.9,"[""Professionalism"", ""Code expertise"", ""Exceeding expectations"", ""On-time delivery"", ""Clear communication""]",[],"[""Communication"", ""Technical Quality"", ""Delivery"", ""Professionalism""]","The review expresses high praise for the freelancer’s professionalism, technical skill, and timely, clear communication. No issues or concerns are mentioned, indicating a fully positive experience.","Continue emphasizing strong communication and on-time delivery, while maintaining high technical standards to keep client satisfaction at a top level.",success,,2026-09-22T17:58:17.222790
43,Positive,0.97,0.95,"[""Great work delivered"", ""proactively identified flaws and suggested improvements"", ""strong language fluency"", ""excellent cooperation""]",[],"[""Communication"", ""Technical Quality"", ""Problem Solving""]","The review expresses clear satisfaction, praising the developer’s quality of work, proactive issue spotting, communication skills, and cooperation. No concerns or requests for improvement are mentioned, indicating a positive experience.",Continue the collaboration and encourage the developer to maintain the same proactive communication and high technical standards.,success,,2026-09-22T17:58:28.640681
44,Positive,0.96,0.98,"[""bug-free code"", ""professional expertise"", ""quick responsiveness"", ""proactive communication"", ""high level of cooperation""]",[],"[""Communication"", ""Technical Quality"", ""Delivery"", ""Professionalism""]","The review exclusively praises the freelancer’s code quality, responsiveness, and collaborative communication, indicating a strongly positive experience. No issues or concerns are mentioned, so improvement areas are empty.","Continue maintaining the same high standards and prompt, proactive communication to preserve client satisfaction.",success,,2026-09-22T17:58:35.467841
45,Positive,0.97,0.9,"[""Friendly demeanor"", ""Strong technical knowledge""]",[],"[""Communication"", ""Technical Quality""]","The review contains clear praise for the freelancer’s friendliness and technology expertise, indicating a positive experience.",Continue showcasing your friendly approach and technical skills in your profile and marketing materials to attract clients who value both communication and expertise.,success,,2026-09-22T17:58:43.132799
46,Positive,0.95,0.95,"[""Highly recommended"", ""One of the best freelancers""]",[],"[""Professionalism""]","The review expresses strong praise for the freelancer, calling him one of the best and highly recommended, indicating a high level of satisfaction and confidence.",Continue maintaining the high standards of professionalism and consider highlighting specific achievements or client success stories to reinforce the positive perception.,success,,2026-09-22T17:58:51.227197
47,Positive,0.92,0.88,"[""Domain knowledge"", ""Multiple checks performed"", ""Patience"", ""Attentive listening"", ""Implementation of feedback""]",[],"[""Communication"", ""Technical Quality""]","The review highlights the seller’s expertise, thorough checks, patience, and responsiveness—all positive attributes.",Continue to collaborate with this seller and encourage them to maintain their high standards of communication and quality.,success,,2026-09-22T17:58:58.001988
48,Positive,0.95,0.94,"[""Quick delivery"", ""High quality API integration""]",[],"[""Delivery"", ""Technical Quality""]","The client explicitly expresses satisfaction with the work and delivery speed, indicating a positive experience. No shortcomings or concerns are mentioned, so confidence and satisfaction are high.",Maintain the fast turnaround and technical quality demonstrated; consider highlighting these strengths in your profile and future proposals.,success,,2026-09-22T17:59:06.246123
49,Positive,0.95,0.95,"[""Excellent overall service"", ""Highly recommended by client""]",[],"[""Professionalism""]","The review uses emphatic praise and a recommendation, indicating strong positive sentiment and high satisfaction without mentioning any shortcomings.",Maintain the high level of quality and professionalism that earned this praise; continue engaging clients with the same level of enthusiasm and responsiveness.,success,,2026-09-22T17:59:17.123371
50,Positive,0.9,0.95,"[""great work"", ""nice person""]",[],"[""Communication"", ""Professionalism"", ""Technical Quality""]","The client expresses a clear positive opinion, praising the quality of the work and the seller’s pleasant demeanor. No concerns or issues are mentioned.",Continue delivering high-quality work while maintaining friendly and responsive communication.,success,,2026-09-22T17:59:28.890800
51,Positive,0.92,0.95,"[""Positive collaboration experience"", ""Personable and friendly demeanor""]",[],"[""Professionalism"", ""Communication""]","The review expresses overall happiness and compliments the seller’s pleasant personality, indicating a strong positive sentiment with no complaints.",Maintain the friendly communication style and consistency in professionalism to ensure continued client satisfaction.,success,,2026-09-22T17:59:40.748895
52,Positive,0.92,0.9,"[""good communication"", ""fast work""]",[],"[""Communication"", ""Delivery""]","The review contains only positive remarks about communication quality and quick delivery, indicating overall satisfaction. No complaints or areas for improvement are mentioned.","Continue to emphasize clear, prompt communication and maintain rapid turnaround times to keep clients satisfied.",success,,2026-09-22T17:59:51.947679
53,Positive,0.95,0.9,"[""Fast delivery"", ""Great service""]",[],"[""Delivery""]","The client explicitly praises the speed and overall quality of the service with the phrases ""great"" and ""fast service,"" indicating strong satisfaction. No negatives or concerns are mentioned.",Highlight the quick turnaround time in future pitches and keep emphasizing prompt delivery to maintain this positive perception.,success,,2026-09-22T18:00:03.028730
54,Positive,0.95,0.95,"[""Fast delivery"", ""Quality of work described as very good""]",[],"[""Delivery"", ""Technical Quality""]","The client expresses satisfaction with both the speed and quality of the work, indicating a positive experience without mentioning any issues.",Highlight the quick turnaround as a key selling point in future proposals and continue maintaining high quality to reinforce positive reviews.,success,,2026-09-22T18:00:13.266163
55,Positive,0.95,0.97,"[""Outstanding overall experience""]",[],"[""Other""]",The review consists of a single positive statement expressing a very satisfied overall experience with no mention of problems or areas for improvement.,Continue delivering the high-quality service that led to this outstanding experience.,success,,2026-09-22T18:00:24.923429
56,Positive,0.92,0.88,"[""Positive overall experience""]",[],"[""Other""]",The review is brief and expresses a single positive statement indicating a good overall experience without mentioning any specific strengths or weaknesses.,Maintain the level of service that led to a positive experience; consistently provide reliable communication and deliver quality results.,success,,2026-09-22T18:00:33.902739
57,Positive,0.93,0.92,"[""Overall positive experience""]",[],"[""Other""]","The client’s short note ""great experience ! thanks"" indicates overall satisfaction without mentioning any issues or specific aspects. No areas for improvement are implied.",Continue delivering the high level of service that led to this positive feedback.,success,,2026-09-22T18:00:42.844667
58,Positive,0.95,0.95,"[""perfect communication"", ""fast delivery""]",[],"[""Communication"", ""Delivery""]","The review explicitly praises the communication quality and the speed of delivery, indicating overall satisfaction without mentioning any issues.",Continue maintaining the high level of communication and prompt delivery to keep clients satisfied and encourage repeat business.,success,,2026-09-22T18:00:51.579385
59,Positive,0.92,0.96,"[""positive experience overall"", ""easy to work with"", ""effective communication""]",[],"[""Communication"", ""Professionalism""]","The client explicitly states a great experience, mentions ease of collaboration and good communication, and expresses intent to use services again. No issues or concerns are raised. The sentiment is clearly positive and satisfaction can be inferred as high.","Encourage continued emphasis on clear communication and prompt responses, highlighting the strong relationship as a selling point in marketing materials.",success,,2026-09-22T18:00:59.183866
60,Positive,0.95,0.9,"[""Good work""]",[],"[""Technical Quality""]","The client explicitly praises the quality of work with ""good work"" and signals future engagement with ""will use him again."" No issues or complaints are mentioned, so sentiment is clearly positive with high confidence and satisfaction. The praise points toward technical quality of the deliverable.",Maintain the high standard of technical quality and consider reinforcing reliable delivery and communication to encourage repeat business.,success,,2026-09-22T18:01:11.952625
61,Positive,0.95,0.93,"[""High overall quality of the work"", ""Positive customer experience""]",[],"[""Professionalism"", ""Technical Quality""]","The review explicitly praises the service with ""too good"" and expresses intent to keep using the seller again, indicating a very positive sentiment and high satisfaction. No issues or requests for improvement are mentioned.",Continue providing consistent high-quality work and maintain the same level of professionalism to retain the client and attract repeat business.,success,,2026-09-22T18:01:19.714605
62,Positive,0.95,0.9,"[""Highly satisfied with collaboration"", ""Appreciation for delivering useful features for platform""]",[],"[""Communication"", ""Technical Quality""]","The client expresses clear positive feelings about working with the freelancer and appreciates the features provided for their platform, indicating satisfaction and effective communication. No issues or negatives are mentioned.",Maintain strong communication and continue delivering tailored features to uphold client satisfaction.,success,,2026-09-22T18:01:29.823494
63,Positive,0.95,0.95,"[""Consistent high quality deliverables"", ""Reliability in maintaining standards"", ""Positive client perception of work""]",[],"[""Technical Quality"", ""Professionalism""]","The client explicitly expresses positive satisfaction with ‘great work’ and notes consistency with ‘as always’, indicating both technical excellence and reliable professional conduct. No issues or concerns are mentioned.",Maintain the current high standards and consider offering related services that build on the client’s trust in the quality of your work.,success,,2026-09-22T18:01:42.241524
64,Positive,0.95,0.93,"[""easy to work with"", ""understands the task quickly"", ""great developer for PHP & CakePHP""]",[],"[""Communication"", ""Technical Quality""]","The review contains only praise: the developer is highlighted as easy to work with, quick to grasp tasks, and recommended for PHP/CakePHP. No complaints or suggestions for improvement are mentioned.","Continue to engage this developer for PHP/CakePHP projects and recommend them to others who need a reliable, communicative coder.",success,,2026-09-22T18:01:52.731636
65,Positive,0.92,0.84,"[""\""good work\"" indicates high technical quality and satisfactory delivery""]",[],"[""Technical Quality"", ""Reliability""]","The review expresses a clear positive opinion, praising the work and indicating willingness to work again, with no criticism mentioned.",Maintain high standards and consistent communication to continue encouraging repeat business.,success,,2026-09-22T18:02:03.694064
66,Positive,0.9,0.95,[],[],[],"The reviewer used an enthusiastic variant of ""good"", indicating overall satisfaction with the service.",Continue delivering quality work to maintain this positive perception.,success,,2026-09-22T18:02:22.751438
67,Positive,0.95,0.95,"[""great person to work with""]",[],"[""Communication"", ""Professionalism""]","The review is a single, unequivocally positive statement praising the freelancer’s interpersonal qualities. No issues or concerns are mentioned, indicating a satisfied client with no requested improvements.","Maintain the high level of interpersonal and professional communication demonstrated, ensuring consistent positive interactions for future collaborations.",success,,2026-09-22T18:02:35.011277
68,Positive,0.95,1.0,[],[],[],"The client explicitly expresses gratitude with the words ""awesome, thank you!"", indicating full satisfaction with the work delivered and no mention of any issues.","Maintain the strong, positive client relationship through continued courteous communication and consistent delivery quality.",success,,2026-09-22T18:02:45.222333
69,Positive,0.95,0.9,"[""Fast delivery"", ""Excellent quality/service"", ""Good price""]",[],"[""Delivery"", ""Pricing""]","The client explicitly praises the speed of service, the price, and overall excellence, indicating a positive experience with no noted issues or concerns.",Continue offering quick turnaround and competitive pricing; consider promoting these strengths in the gig description to attract similar clients and maintain a high satisfaction rate.,success,,2026-09-22T18:02:56.637583
70,Positive,0.92,0.93,"[""quick delivery"", ""overall quality""]",[],"[""Delivery""]","The client expresses satisfaction with the speed and quality of the work and shows intent to repeat the purchase, indicating a positive experience with no criticism or requests for changes.",Maintain the fast turnaround and consistent quality to encourage repeat business.,success,,2026-09-22T18:03:05.056871
71,Positive,0.95,0.95,"[""Prompt understanding of client’s needs"", ""High quality, perfect work delivered""]",[],"[""Communication"", ""Technical Quality""]","The client explicitly praises the vendor’s quick comprehension of requirements and the perfect execution of the work, with no negative remarks or concerns mentioned.","Emphasize clear, quick communication and maintain the high technical quality—encourage repeat business and possibly recommend the vendor to others.",success,,2026-09-22T18:03:15.748190
72,Positive,0.94,0.89,"[""Delivering a very good job"", ""Client recommends the service""]",[],"[""Other""]","The review is short and expresses overall satisfaction, describing the work as very good and recommending the service, indicating a positive experience without pinpointing specific aspects of communication, technical quality, etc. Hence, sentiment is positive with high confidence. No improvement areas are mentioned.","Continue providing high-quality work and encourage satisfied clients to recommend the service, as this boosts visibility and trust.",success,,2026-09-22T18:03:32.585608
73,Positive,0.95,0.9,"[""Fast delivery"", ""High quality work"", ""Positive recommendation""]",[],"[""Delivery"", ""Technical Quality""]","The review praises the quick turnaround and overall good quality, indicating strong satisfaction with delivery speed and technical execution.",Continue emphasizing quick delivery and consistent high-quality output in your profile and pitches.,success,,2026-09-22T18:03:44.568073
74,Positive,0.95,0.9,"[""Expert troubleshooting ability"", ""High trust level leading to repeat usage"", ""Clear and helpful feedback""]",[],"[""Problem Solving"", ""Professionalism""]","The client explicitly praises the seller’s troubleshooting skill and expresses intent to hire again, indicating a fully positive sentiment with no complaints.","Maintain prompt, expert troubleshooting support and continue to foster trust to secure future projects.",success,,2026-09-22T18:03:53.912738
75,Positive,0.92,0.94,"[""great communication"", ""fast delivery"", ""highly recommended""]",[],"[""Communication"", ""Delivery""]","The client explicitly praises communication and delivery speed, with no negative or neutral remarks, indicating strong satisfaction.",Continue prioritizing clear communication and quick turnaround to maintain the high level of client satisfaction.,success,,2026-09-22T18:04:02.700643
76,Positive,0.95,0.95,"[""fast delivery"", ""professional support""]",[],"[""Delivery"", ""Professionalism""]","The review highlights quick delivery and professional support, indicating a positive experience with no negative or mixed comments.",Continue to prioritize rapid turnaround while maintaining high professional support standards.,success,,2026-09-22T18:04:17.699640
77,Positive,0.9,0.8,[],[],"[""Other""]","The sole comment ""good."" conveys a positive evaluation but gives no specific detail about what was liked or how it could be improved.","Invite the client to elaborate on what they found good, such as aspects of communication, quality, or delivery, to help refine future services.",success,,2026-09-22T18:04:38.202984
78,Positive,0.95,0.9,"[""Consistently high-quality work"", ""Reliability in delivering top results""]",[],"[""Technical Quality"", ""Reliability""]","The review expresses clear praise for the quality and consistency of the work, indicating a positive sentiment and high satisfaction. No shortcomings or suggestions are mentioned, so improvement areas are empty. Relevant topics include Technical Quality and Reliability.","Continue maintaining the high quality and consistency of delivery, and consider highlighting this reliability in future gig descriptions to attract repeat clients.",success,,2026-09-22T18:04:49.037684
79,Positive,0.95,0.9,"[""Delivered top quality work""]",[],"[""Technical Quality""]","Client gives a brief, positive compliment indicating high satisfaction with the work quality.",Maintain the high standard of work; continue to acknowledge and thank the client for future orders.,success,,2026-09-22T18:05:00.397773
80,Positive,0.98,1.0,"[""fantastic work"", ""helpful"", ""kind seller""]",[],"[""Communication"", ""Technical Quality""]","The client expresses clear positive feelings, praising the quality of work, helpfulness, and kindness, with no criticisms or requests for changes.","Maintain the high standard of communication and technical quality that earned the client’s praise, and continue offering friendly, collaborative support for future projects.",success,,2026-09-22T18:05:10.676757
81,Positive,0.99,0.95,"[""Helpful communication"", ""Positive customer service""]",[],"[""Communication""]","The review expresses gratitude and calls the seller ""very helpful"", indicating overall satisfaction and a positive experience.",Maintain the same level of helpfulness and responsiveness; consider highlighting this strength in future marketing materials.,success,,2026-09-22T18:05:20.777067
82,Positive,0.92,0.97,"[""Top work""]",[],"[""Technical Quality""]","The client expresses clear approval with the phrase ""top work"" and gratitude, indicating a highly positive experience and satisfaction with the quality delivered.",Continue maintaining high standards in quality and deliver stellar work to ensure repeat business.,success,,2026-09-22T18:05:29.540566
83,Positive,0.95,0.98,"[""Great work"", ""Consistent quality""]",[],"[""Professionalism""]","The client’s short review uses positively charged language such as ""perfect"" and ""great work,"" indicating strong satisfaction. No issues or concerns are mentioned, so there are no improvement areas to highlight.",Maintain the same level of high-quality work and reliable service to continue meeting the client’s expectations.,success,,2026-09-22T18:05:43.175314
84,Positive,0.95,0.92,"[""Expressed gratitude for seller’s service""]",[],"[""Professionalism""]","The review is a concise expression of gratitude and acknowledges the seller’s top seller status, indicating a positive experience with no stated issues.",Continue maintaining high-quality service and responsiveness to sustain customer satisfaction.,success,,2026-09-22T18:05:55.899808
85,Positive,0.92,0.88,"[""nice job done"", ""just what i want"", ""delivered right on time"", ""will surely do more projects with you""]",[],"[""Delivery"", ""Requirements"", ""Technical Quality"", ""Reliability""]","The client explicitly praises the quality of the work and commends the on‑time delivery, stating they are satisfied and intend to engage further. No issues or concerns are mentioned, leading to a high positive sentiment and robust satisfaction.",Continue meeting deadlines and maintaining the current quality to keep the client’s trust and encourage future projects.,success,,2026-09-22T18:06:05.782938
86,Positive,0.95,0.92,"[""Delivered brilliant and high-quality work"", ""Helpful and supportive assistance"", ""Seller highly recommended""]",[],"[""Technical Quality"", ""Professionalism""]","The review expresses strong praise for the quality of work and overall helpfulness, resulting in a positive sentiment with high confidence. No issues or critiques are mentioned, so the review does not outline any areas for improvement. The comments align with Technical Quality (brilliant work) and Professionalism (high recommendation).",Continue delivering exceptional quality and maintain client support to keep praised levels of professionalism.,success,,2026-09-22T18:06:17.687910
87,Positive,0.96,1.0,"[""Timely delivery"", ""Good communication""]",[],"[""Communication"", ""Delivery""]","The review explicitly praises timely completion and adequate communication, indicating overall positive satisfaction without any complaints.","Continue prioritizing clear, prompt communication and maintaining on-time delivery to preserve client satisfaction.",success,,2026-09-22T18:06:25.700634
88,Positive,0.95,0.9,"[""Experienced developers"", ""Dedicated to tasks""]",[],"[""Technical Quality"", ""Professionalism""]","The review highlights the developers’ experience and dedication, indicating high satisfaction with technical ability and professionalism. No negative feedback or improvement issues are mentioned, resulting in a strongly positive sentiment and high confidence.",Highlight the expertise and commitment of your development team in your gig description and portfolio to reinforce the strengths already appreciated by clients.,success,,2026-09-22T18:06:38.528138
89,Positive,0.95,0.94,"[""Commitment to the task"", ""Exceptional performance"", ""Overall top-quality delivery""]",[],"[""Reliability"", ""Technical Quality""]","The review contains clear praise for the seller’s commitment and exceptional work, indicating overall satisfaction. No downside or complaints are mentioned, so the sentiment is strongly positive.","Highlight the seller’s reliability and high technical quality in portfolio descriptions and client messaging. Encourage clients to include specific praise when leaving testimonials, which can reinforce these strengths.",success,,2026-09-22T18:06:52.632180
90,Positive,0.9,0.9,"[""High-quality work"", ""Professional service""]",[],"[""Technical Quality"", ""Professionalism""]","The review is concise and expressive of satisfaction, using positive phrases like ""great job"" and ""highly recommended"". No criticisms or concerns are mentioned, leading to a straightforward positive assessment.","Maintain the high quality of work and professional communication, and continue encouraging past clients to leave such positive reviews to reinforce brand reputation.",success,,2026-09-22T18:06:59.776293
91,Positive,0.95,0.92,"[""High overall satisfaction with the deliverable""]",[],"[""Other""]","The client’s brief comment, ""awesome stuff. thanks"", reflects a clear positive sentiment toward the work received. No issues or concerns are mentioned, so the review indicates high satisfaction without any identified problems.",Maintain the high quality of work and ensure timely communication to sustain the positive experience.,success,,2026-09-22T18:07:07.471478
92,Positive,0.98,0.93,"[""Very quick turnaround time""]",[],"[""Delivery""]","The client praises the seller as awesome and highlights the very quick turnaround time, ending with a recommendation. This shows a clear positive sentiment and high satisfaction with the delivery speed.",Continue to emphasize fast turnaround in your portfolio and marketing to attract clients who value rapid delivery.,success,,2026-09-22T18:07:17.718905
93,Positive,0.95,0.9,"[""Professionalism"", ""High recommendation""]",[],"[""Professionalism""]","The client expresses a clear positive view, praising the seller’s professionalism and strongly recommending them. No concerns or areas for improvement are mentioned.",Continue providing professional services and maintain the high standard that led to the recommendation.,success,,2026-09-22T18:07:24.475429
94,Positive,0.95,0.95,"[""Excellent service from the seller"", ""Friendly communication"", ""Overall positive experience""]",[],"[""Communication"", ""Professionalism""]","The client expresses clear enthusiasm, thanks the seller, and indicates they will return. The language is positive, with no complaints or negative remarks, showing a very high satisfaction level. No improvement areas are mentioned.",Continue providing the same friendly and professional service; there is no immediate need for change.,success,,2026-09-22T18:07:33.489722
95,Positive,0.95,0.9,"[""very fast to respond"", ""very fast to deliver products""]",[],"[""Communication"", ""Delivery""]","The review highlights the seller’s quick response time and rapid delivery, indicating a positive experience with no areas of concern.",Continue prioritizing prompt communication and speedy delivery to sustain client satisfaction.,success,,2026-09-22T18:07:40.217513
96,Positive,0.92,0.85,"[""Easy collaboration"", ""Approachable communication""]",[],"[""Communication"", ""Professionalism""]","The review states ""easy to work with,"" which reflects a positive view of the seller’s communication and collaboration style. No issues or concerns are mentioned, so the sentiment is purely positive with high confidence.","Continue fostering open, friendly communication and maintain the approachable attitude that makes collaboration feel effortless.",success,,2026-09-22T18:07:49.433982
97,Neutral,0.2,0.2,[],[],[],"The review contains no content, so no information could be extracted about sentiment, strengths, or improvement areas.",Provide specific feedback in order to conduct a meaningful analysis.,success,,2026-09-22T18:07:58.269285
98,Negative,0.95,0.1,[],"[""Failed to deliver on time""]","[""Delivery"", ""Reliability""]","The review states the client cancelled the order because the seller did not deliver on time, indicating a clear delivery and reliability issue. No praise or additional details were provided, so the sentiment is negative with high confidence. Satisfaction is inferred to be low due to the order cancellation.","Clarify and communicate realistic delivery timelines proactively, and establish a fallback plan or buffer time to ensure on-time delivery. If delays become unavoidable, notify the client immediately and offer a compensation or revised schedule.",success,,2026-09-22T18:08:11.365447
99,Negative,0.95,0.2,[],"[""failed to deliver on time""]","[""Delivery""]","The client explicitly states the order was cancelled because the seller did not deliver within the expected timeframe, indicating clear dissatisfaction.",Implement better time management and communicate any potential delays to clients ahead of schedule.,success,,2026-09-22T18:08:20.466593
